JennaWilson,jennawilson@mail.com,1010
IanDavis,iandavis@mail.com,1009
HannahClark,hannahclark@mail.com,1008
GeorgeBlack,georgeblack@mail.com,1007
FionaWhite,fionawhite@mail.com,1006
EvanTaylor,evantaylor@mail.com,1005
DianaGreen,dianagreen@mail.com,1004
CharlieBrown,charliebrown@mail.com,1003
BobJohnson,bobjohnson@mail.com,1002
AliceSmith,alicesmith@mail.com,1001
